id,date.start,date.end,amount.total,amount.net,amount.ni,amount.tax,taxCode
EM-00000,2020-06-01,2020-06-30,,,,,OVWFWY
EM-00001,2020-06-01,2020-06-30,,,,,9KCC2B
EM-00002,2020-06-01,2020-06-30,,,,,9YFYUK
EM-00003,2020-06-01,2020-06-30,,,,,YHUQ2J
EM-00004,2020-06-01,2020-06-30,,,,,IM8QG6
EM-00005,2020-06-01,2020-06-30,,,,,9I80GX
EM-00006,2020-06-01,2020-06-30,,,,,EQKUPL
EM-00007,2020-06-01,2020-06-30,,,,,3W3DZ7
EM-00008,2020-06-01,2020-06-30,,,,,MBNYTI
EM-00009,2020-06-01,2020-06-30,,,,,QE5G3O
EM-00010,2020-06-01,2020-06-30,,,,,X0FAVJ
EM-00011,2020-06-01,2020-06-30,,,,,7RGSJS
EM-00012,2020-06-01,2020-06-30,,,,,DE4M4V
EM-00013,2020-06-01,2020-06-30,,,,,WS9T9Q
EM-00014,2020-06-01,2020-06-30,,,,,25O0GQ
EM-00015,2020-06-01,2020-06-30,,,,,1QVP15
EM-00016,2020-06-01,2020-06-30,,,,,9TO8DO
EM-00017,2020-06-01,2020-06-30,,,,,74O4NE
EM-00018,2020-06-01,2020-06-30,,,,,VE0SO1
EM-00019,2020-06-01,2020-06-30,,,,,YGCELX
EM-00020,2020-06-01,2020-06-30,,,,,GX728E
EM-00021,2020-06-01,2020-06-30,,,,,UGH4TQ
EM-00022,2020-06-01,2020-06-30,,,,,MRAWLZ
EM-00023,2020-06-01,2020-06-30,,,,,INS08K
EM-00024,2020-06-01,2020-06-30,,,,,YNRROI
EM-00025,2020-06-01,2020-06-30,,,,,PYAA5R
EM-00026,2020-06-01,2020-06-30,,,,,POJZOM
EM-00027,2020-06-01,2020-06-30,,,,,5NBZBB
EM-00028,2020-06-01,2020-06-30,,,,,MZG2ID
EM-00029,2020-06-01,2020-06-30,,,,,5KKTGW
EM-00030,2020-06-01,2020-06-30,,,,,Y4O4A8
EM-00031,2020-06-01,2020-06-30,,,,,PP49BS
EM-00032,2020-06-01,2020-06-30,,,,,M3GGU7
EM-00033,2020-06-01,2020-06-30,,,,,8CGI0I
EM-00034,2020-06-01,2020-06-30,,,,,3QBE8B
EM-00035,2020-06-01,2020-06-30,,,,,FQRMRR
EM-00036,2020-06-01,2020-06-30,,,,,WDYWZG
EM-00037,2020-06-01,2020-06-30,,,,,50C0BB
EM-00038,2020-06-01,2020-06-30,,,,,6L7RNK
EM-00039,2020-06-01,2020-06-30,,,,,VNC7EK
EM-00040,2020-06-01,2020-06-30,,,,,UJYR5E
EM-00041,2020-06-01,2020-06-30,,,,,SHUG8U
EM-00042,2020-06-01,2020-06-30,,,,,ENG1MQ
EM-00043,2020-06-01,2020-06-30,,,,,IVLA49
EM-00044,2020-06-01,2020-06-30,,,,,HJQVXY
EM-00045,2020-06-01,2020-06-30,,,,,2OX54S
EM-00046,2020-06-01,2020-06-30,,,,,3EJ3AZ
EM-00047,2020-06-01,2020-06-30,,,,,S8F06K
EM-00048,2020-06-01,2020-06-30,,,,,36UDLZ
EM-00049,2020-06-01,2020-06-30,,,,,GRWEAY
EM-00050,2020-06-01,2020-06-30,,,,,Q0S140
EM-00051,2020-06-01,2020-06-30,,,,,0NM1A8
EM-00052,2020-06-01,2020-06-30,,,,,QPYFL0
EM-00053,2020-06-01,2020-06-30,,,,,6DZCLE
EM-00054,2020-06-01,2020-06-30,,,,,FZNQXT
EM-00055,2020-06-01,2020-06-30,,,,,4GRCM7
EM-00056,2020-06-01,2020-06-30,,,,,TJYANH
EM-00057,2020-06-01,2020-06-30,,,,,R647VF
EM-00058,2020-06-01,2020-06-30,,,,,RCCFFE
EM-00059,2020-06-01,2020-06-30,,,,,SR2AHZ
EM-00060,2020-06-01,2020-06-30,,,,,OFLSND
EM-00061,2020-06-01,2020-06-30,,,,,W379I7
EM-00062,2020-06-01,2020-06-30,,,,,7G6VJM
EM-00063,2020-06-01,2020-06-30,,,,,1Y4YFE
EM-00064,2020-06-01,2020-06-30,,,,,MT27J4
EM-00065,2020-06-01,2020-06-30,,,,,GO4OVW
EM-00066,2020-06-01,2020-06-30,,,,,PGI7A2
EM-00067,2020-06-01,2020-06-30,,,,,MWQ8VV
EM-00068,2020-06-01,2020-06-30,,,,,WDOEA8
EM-00069,2020-06-01,2020-06-30,,,,,91TBTY
EM-00070,2020-06-01,2020-06-30,,,,,O6ILYY
EM-00071,2020-06-01,2020-06-30,,,,,DITCEG
EM-00072,2020-06-01,2020-06-30,,,,,QEB85U
EM-00073,2020-06-01,2020-06-30,,,,,K8N7WJ
EM-00074,2020-06-01,2020-06-30,,,,,OWW4L5
EM-00075,2020-06-01,2020-06-30,,,,,N1QQ4F
EM-00076,2020-06-01,2020-06-30,,,,,WF9BR1
EM-00077,2020-06-01,2020-06-30,,,,,LNRD0W
EM-00078,2020-06-01,2020-06-30,,,,,ECLE7W
EM-00079,2020-06-01,2020-06-30,,,,,8C7MJL
EM-00080,2020-06-01,2020-06-30,,,,,5XCLAM
EM-00081,2020-06-01,2020-06-30,,,,,W2VEE1
EM-00082,2020-06-01,2020-06-30,,,,,GGCTUY
EM-00083,2020-06-01,2020-06-30,,,,,MQ4CSG
EM-00084,2020-06-01,2020-06-30,,,,,AXAAJJ
EM-00085,2020-06-01,2020-06-30,,,,,I04FTH
EM-00086,2020-06-01,2020-06-30,,,,,Y7KZ84
EM-00087,2020-06-01,2020-06-30,,,,,BRXQ7T
EM-00088,2020-06-01,2020-06-30,,,,,KOM4ZH
EM-00089,2020-06-01,2020-06-30,,,,,CINU1Y
EM-00090,2020-06-01,2020-06-30,,,,,88KEO0
EM-00091,2020-06-01,2020-06-30,,,,,KZ2NHJ
EM-00092,2020-06-01,2020-06-30,,,,,0CX13L
EM-00093,2020-06-01,2020-06-30,,,,,ZCYEFP
EM-00094,2020-06-01,2020-06-30,,,,,NOIKOW
EM-00095,2020-06-01,2020-06-30,,,,,2K7YJV
EM-00096,2020-06-01,2020-06-30,,,,,AZ310X
EM-00097,2020-06-01,2020-06-30,,,,,F2EGD3
EM-00098,2020-06-01,2020-06-30,,,,,ENI1Y7
EM-00099,2020-06-01,2020-06-30,,,,,VQIJYW
EM-00100,2020-06-01,2020-06-30,,,,,JCH6GI
EM-00101,2020-06-01,2020-06-30,,,,,X4KCKP
EM-00102,2020-06-01,2020-06-30,,,,,2NTPJC
EM-00103,2020-06-01,2020-06-30,,,,,3KBW0R
EM-00104,2020-06-01,2020-06-30,,,,,1OGTKN
EM-00105,2020-06-01,2020-06-30,,,,,N0SFKZ
EM-00106,2020-06-01,2020-06-30,,,,,9TEBN6
EM-00107,2020-06-01,2020-06-30,,,,,NUW8VY
EM-00108,2020-06-01,2020-06-30,,,,,HXSSBV
EM-00109,2020-06-01,2020-06-30,,,,,765B1A
EM-00110,2020-06-01,2020-06-30,,,,,0CURHU
EM-00111,2020-06-01,2020-06-30,,,,,YTPC9L
EM-00112,2020-06-01,2020-06-30,,,,,R90ZYK
EM-00113,2020-06-01,2020-06-30,,,,,1O2IEF
EM-00114,2020-06-01,2020-06-30,,,,,D79RFW
EM-00115,2020-06-01,2020-06-30,,,,,D2W6CY
EM-00116,2020-06-01,2020-06-30,,,,,8CJDDX
EM-00117,2020-06-01,2020-06-30,,,,,KRUM5T
EM-00118,2020-06-01,2020-06-30,,,,,KEBDHF
EM-00119,2020-06-01,2020-06-30,,,,,D5CQK1
EM-00120,2020-06-01,2020-06-30,,,,,SJZH3J
EM-00121,2020-06-01,2020-06-30,,,,,HFG1PA
EM-00122,2020-06-01,2020-06-30,,,,,XA7K2B
EM-00123,2020-06-01,2020-06-30,,,,,ET87JC
EM-00124,2020-06-01,2020-06-30,,,,,AR5WIO
EM-00125,2020-06-01,2020-06-30,,,,,AHN46A
EM-00126,2020-06-01,2020-06-30,,,,,JQ6Z1T
EM-00127,2020-06-01,2020-06-30,,,,,CYEMZV
EM-00128,2020-06-01,2020-06-30,,,,,5VPJDL
EM-00129,2020-06-01,2020-06-30,,,,,V3D8IT
EM-00130,2020-06-01,2020-06-30,,,,,2QGI27
EM-00131,2020-06-01,2020-06-30,,,,,EJDX2U
EM-00132,2020-06-01,2020-06-30,,,,,ACK073
EM-00133,2020-06-01,2020-06-30,,,,,T8Z8TF
EM-00134,2020-06-01,2020-06-30,,,,,RRTV4P
EM-00135,2020-06-01,2020-06-30,,,,,N3XUM5
EM-00136,2020-06-01,2020-06-30,,,,,Y308B7
EM-00137,2020-06-01,2020-06-30,,,,,GE1LCS
EM-00138,2020-06-01,2020-06-30,,,,,0391TJ
EM-00139,2020-06-01,2020-06-30,,,,,H68ACZ
EM-00140,2020-06-01,2020-06-30,,,,,RFAUK7
EM-00141,2020-06-01,2020-06-30,,,,,4CEEPB
EM-00142,2020-06-01,2020-06-30,,,,,EIZVR6
EM-00143,2020-06-01,2020-06-30,,,,,KBIY4G
EM-00144,2020-06-01,2020-06-30,,,,,AAX42K
EM-00145,2020-06-01,2020-06-30,,,,,IBBZPP
EM-00146,2020-06-01,2020-06-30,,,,,QMYTYL
EM-00147,2020-06-01,2020-06-30,,,,,3GEHW8
EM-00148,2020-06-01,2020-06-30,,,,,BET1C5
EM-00149,2020-06-01,2020-06-30,,,,,XGA1B0
EM-00150,2020-06-01,2020-06-30,,,,,H585RP
EM-00151,2020-06-01,2020-06-30,,,,,EC2C37
EM-00152,2020-06-01,2020-06-30,,,,,OXSFC6
EM-00153,2020-06-01,2020-06-30,,,,,BZVIH4
EM-00154,2020-06-01,2020-06-30,,,,,PVYNTU
EM-00155,2020-06-01,2020-06-30,,,,,BMOHVT
EM-00156,2020-06-01,2020-06-30,,,,,8ZY255
EM-00157,2020-06-01,2020-06-30,,,,,0MAO5T
EM-00158,2020-06-01,2020-06-30,,,,,CPZ46C
EM-00159,2020-06-01,2020-06-30,,,,,28LRTQ
EM-00160,2020-06-01,2020-06-30,,,,,F0XDTV
EM-00161,2020-06-01,2020-06-30,,,,,CC34CW
EM-00162,2020-06-01,2020-06-30,,,,,Y5DXGJ
EM-00163,2020-06-01,2020-06-30,,,,,1N9M5Q
EM-00164,2020-06-01,2020-06-30,,,,,KHCB8Y
EM-00165,2020-06-01,2020-06-30,,,,,VVSI35
EM-00166,2020-06-01,2020-06-30,,,,,TLQJCQ
EM-00167,2020-06-01,2020-06-30,,,,,85FE0O
EM-00168,2020-06-01,2020-06-30,,,,,Y0TRQ9
EM-00169,2020-06-01,2020-06-30,,,,,OTM85I
EM-00170,2020-06-01,2020-06-30,,,,,4PC4SB
EM-00171,2020-06-01,2020-06-30,,,,,BIMC6Q
EM-00172,2020-06-01,2020-06-30,,,,,04GUT5
EM-00173,2020-06-01,2020-06-30,,,,,6FELDV
EM-00174,2020-06-01,2020-06-30,,,,,2WXMJQ
EM-00175,2020-06-01,2020-06-30,,,,,26PWNW
EM-00176,2020-06-01,2020-06-30,,,,,K61PDU
EM-00177,2020-06-01,2020-06-30,,,,,I4P5GT
EM-00178,2020-06-01,2020-06-30,,,,,J8IPKE
EM-00179,2020-06-01,2020-06-30,,,,,EZ20Q2
EM-00180,2020-06-01,2020-06-30,,,,,ELXMOG
EM-00181,2020-06-01,2020-06-30,,,,,H1DUAQ
EM-00182,2020-06-01,2020-06-30,,,,,4G95EF
EM-00183,2020-06-01,2020-06-30,,,,,HATVUF
EM-00184,2020-06-01,2020-06-30,,,,,V6T3U0
EM-00185,2020-06-01,2020-06-30,,,,,Z0VTJ7
EM-00186,2020-06-01,2020-06-30,,,,,THQHO9
EM-00187,2020-06-01,2020-06-30,,,,,YA3ROP
EM-00188,2020-06-01,2020-06-30,,,,,2DQQIQ
EM-00189,2020-06-01,2020-06-30,,,,,9KKXB3
EM-00190,2020-06-01,2020-06-30,,,,,ZUOPWR
EM-00191,2020-06-01,2020-06-30,,,,,OXCOVV
EM-00192,2020-06-01,2020-06-30,,,,,VXC8RS
EM-00193,2020-06-01,2020-06-30,,,,,6YBAQI
EM-00194,2020-06-01,2020-06-30,,,,,IQF1PX
EM-00195,2020-06-01,2020-06-30,,,,,W2SEVC
EM-00196,2020-06-01,2020-06-30,,,,,RBK9I8
EM-00197,2020-06-01,2020-06-30,,,,,0LGM22
EM-00198,2020-06-01,2020-06-30,,,,,WG0L4Y
EM-00199,2020-06-01,2020-06-30,,,,,DDX8YT
EM-00200,2020-06-01,2020-06-30,,,,,UJXF12
EM-00201,2020-06-01,2020-06-30,,,,,Q7W6N2
EM-00202,2020-06-01,2020-06-30,,,,,KDRPHM
EM-00203,2020-06-01,2020-06-30,,,,,2NQ90N
EM-00204,2020-06-01,2020-06-30,,,,,R96QTZ
EM-00205,2020-06-01,2020-06-30,,,,,K6PME8
EM-00206,2020-06-01,2020-06-30,,,,,6U7B43
EM-00207,2020-06-01,2020-06-30,,,,,14L3GU
EM-00208,2020-06-01,2020-06-30,,,,,8HW1LF
EM-00209,2020-06-01,2020-06-30,,,,,UYBN2P
EM-00210,2020-06-01,2020-06-30,,,,,H9G8U2
EM-00211,2020-06-01,2020-06-30,,,,,VN215V
EM-00212,2020-06-01,2020-06-30,,,,,ZTH5UL
EM-00213,2020-06-01,2020-06-30,,,,,JUB1RP
EM-00214,2020-06-01,2020-06-30,,,,,ZX9D6X
EM-00215,2020-06-01,2020-06-30,,,,,J5JBJD
EM-00216,2020-06-01,2020-06-30,,,,,AEC15B
EM-00217,2020-06-01,2020-06-30,,,,,AW8QMF
EM-00218,2020-06-01,2020-06-30,,,,,KXOUJT
EM-00219,2020-06-01,2020-06-30,,,,,NLJNMJ
EM-00220,2020-06-01,2020-06-30,,,,,5MOKKA
EM-00221,2020-06-01,2020-06-30,,,,,J4CNIN
EM-00222,2020-06-01,2020-06-30,,,,,YE1X43
EM-00223,2020-06-01,2020-06-30,,,,,27PBSJ
EM-00224,2020-06-01,2020-06-30,,,,,O0PA13
EM-00225,2020-06-01,2020-06-30,,,,,FWY5Z7
EM-00226,2020-06-01,2020-06-30,,,,,TB67TB
EM-00227,2020-06-01,2020-06-30,,,,,HD1ZVT
EM-00228,2020-06-01,2020-06-30,,,,,QCXQWP
EM-00229,2020-06-01,2020-06-30,,,,,DOSDBJ
EM-00230,2020-06-01,2020-06-30,,,,,83UL91
EM-00231,2020-06-01,2020-06-30,,,,,KOP4VX
EM-00232,2020-06-01,2020-06-30,,,,,PGXRKE
EM-00233,2020-06-01,2020-06-30,,,,,A5CAUP
EM-00234,2020-06-01,2020-06-30,,,,,D2LFKL
EM-00235,2020-06-01,2020-06-30,,,,,RQKMJR
EM-00236,2020-06-01,2020-06-30,,,,,EU0HT4
EM-00237,2020-06-01,2020-06-30,,,,,3IMRM2
EM-00238,2020-06-01,2020-06-30,,,,,3UWHQX
EM-00239,2020-06-01,2020-06-30,,,,,F9UNY8
EM-00240,2020-06-01,2020-06-30,,,,,XB72UX
EM-00241,2020-06-01,2020-06-30,,,,,AKM39C
EM-00242,2020-06-01,2020-06-30,,,,,B8HKUD
EM-00243,2020-06-01,2020-06-30,,,,,B3T9WI
EM-00244,2020-06-01,2020-06-30,,,,,ZOLBYS
EM-00245,2020-06-01,2020-06-30,,,,,5CVD7P
EM-00246,2020-06-01,2020-06-30,,,,,JBBC3M
EM-00247,2020-06-01,2020-06-30,,,,,G8QKT4
EM-00248,2020-06-01,2020-06-30,,,,,5AKS4Y
EM-00249,2020-06-01,2020-06-30,,,,,ZB41M0
EM-00250,2020-06-01,2020-06-30,,,,,EZN7GD
EM-00251,2020-06-01,2020-06-30,,,,,IYUNK0
EM-00252,2020-06-01,2020-06-30,,,,,GOLB9L
EM-00253,2020-06-01,2020-06-30,,,,,63ZFXW
EM-00254,2020-06-01,2020-06-30,,,,,J5UGJ1
EM-00255,2020-06-01,2020-06-30,,,,,5SJL3J
EM-00256,2020-06-01,2020-06-30,,,,,COA2V3
EM-00257,2020-06-01,2020-06-30,,,,,U6XUDO
EM-00258,2020-06-01,2020-06-30,,,,,HJ5C2K
EM-00259,2020-06-01,2020-06-30,,,,,AZUNJJ
EM-00260,2020-06-01,2020-06-30,,,,,A5983O
EM-00261,2020-06-01,2020-06-30,,,,,K87O2I
EM-00262,2020-06-01,2020-06-30,,,,,Y20SL5
EM-00263,2020-06-01,2020-06-30,,,,,UJXI82
EM-00264,2020-06-01,2020-06-30,,,,,IWW9UQ
EM-00265,2020-06-01,2020-06-30,,,,,BGZ5ER
EM-00266,2020-06-01,2020-06-30,,,,,2M6Z67
EM-00267,2020-06-01,2020-06-30,,,,,MR9CH2
EM-00268,2020-06-01,2020-06-30,,,,,0ODRCJ
EM-00269,2020-06-01,2020-06-30,,,,,S8USL6
EM-00270,2020-06-01,2020-06-30,,,,,F5QH3P
EM-00271,2020-06-01,2020-06-30,,,,,GK4O3C
EM-00272,2020-06-01,2020-06-30,,,,,2HT4FB
EM-00273,2020-06-01,2020-06-30,,,,,PQK1MT
EM-00274,2020-06-01,2020-06-30,,,,,S9YZ4U
EM-00275,2020-06-01,2020-06-30,,,,,JRODBP
EM-00276,2020-06-01,2020-06-30,,,,,0JIB41
EM-00277,2020-06-01,2020-06-30,,,,,6GE7O4
EM-00278,2020-06-01,2020-06-30,,,,,RPP9MJ
EM-00279,2020-06-01,2020-06-30,,,,,QC169S
EM-00280,2020-06-01,2020-06-30,,,,,F9OX31
EM-00281,2020-06-01,2020-06-30,,,,,TLRSHI
EM-00282,2020-06-01,2020-06-30,,,,,A9OZO1
EM-00283,2020-06-01,2020-06-30,,,,,1GHDM4
EM-00284,2020-06-01,2020-06-30,,,,,9KRJRP
EM-00285,2020-06-01,2020-06-30,,,,,YZ9OHK
EM-00286,2020-06-01,2020-06-30,,,,,QALUVQ
EM-00287,2020-06-01,2020-06-30,,,,,D5OK95
EM-00288,2020-06-01,2020-06-30,,,,,NU0VV1
EM-00289,2020-06-01,2020-06-30,,,,,14HIFI
EM-00290,2020-06-01,2020-06-30,,,,,1LIF4D
EM-00291,2020-06-01,2020-06-30,,,,,CJMS8N
EM-00292,2020-06-01,2020-06-30,,,,,EAGVD5
EM-00293,2020-06-01,2020-06-30,,,,,UHBDIP
EM-00294,2020-06-01,2020-06-30,,,,,YW4S9C
EM-00295,2020-06-01,2020-06-30,,,,,I4HLR0
EM-00296,2020-06-01,2020-06-30,,,,,NYNDNU
EM-00297,2020-06-01,2020-06-30,,,,,2J186W
EM-00298,2020-06-01,2020-06-30,,,,,66YN40
EM-00299,2020-06-01,2020-06-30,,,,,PDV1EG
EM-00300,2020-06-01,2020-06-30,,,,,9OC9PZ
EM-00301,2020-06-01,2020-06-30,,,,,Z0HXZ5
EM-00302,2020-06-01,2020-06-30,,,,,CG0129
EM-00303,2020-06-01,2020-06-30,,,,,B54B3D
EM-00304,2020-06-01,2020-06-30,,,,,QPZZ2Q
EM-00305,2020-06-01,2020-06-30,,,,,52XYMM
EM-00306,2020-06-01,2020-06-30,,,,,XGTFWK
EM-00307,2020-06-01,2020-06-30,,,,,H2E5EW
EM-00308,2020-06-01,2020-06-30,,,,,83N705
EM-00309,2020-06-01,2020-06-30,,,,,NQO2A1
EM-00310,2020-06-01,2020-06-30,,,,,VCZMU7
EM-00311,2020-06-01,2020-06-30,,,,,RQ6P2L
EM-00312,2020-06-01,2020-06-30,,,,,3WJC8D
EM-00313,2020-06-01,2020-06-30,,,,,9OH5UK
EM-00314,2020-06-01,2020-06-30,,,,,6KC4IG
EM-00315,2020-06-01,2020-06-30,,,,,7JRBTB
EM-00316,2020-06-01,2020-06-30,,,,,OASJSX
EM-00317,2020-06-01,2020-06-30,,,,,6H4F42
EM-00318,2020-06-01,2020-06-30,,,,,U6BHJL
EM-00319,2020-06-01,2020-06-30,,,,,VTATSZ
EM-00320,2020-06-01,2020-06-30,,,,,CAA2ZM
EM-00321,2020-06-01,2020-06-30,,,,,5O9UT7
EM-00322,2020-06-01,2020-06-30,,,,,A9ZSBI
EM-00323,2020-06-01,2020-06-30,,,,,V7BCL5
EM-00324,2020-06-01,2020-06-30,,,,,5WPO95
EM-00325,2020-06-01,2020-06-30,,,,,FN8OKB
EM-00326,2020-06-01,2020-06-30,,,,,C6BWLA
EM-00327,2020-06-01,2020-06-30,,,,,J8726F
EM-00328,2020-06-01,2020-06-30,,,,,UHLNAD
EM-00329,2020-06-01,2020-06-30,,,,,GHNZCT
EM-00330,2020-06-01,2020-06-30,,,,,OHB7DK
EM-00331,2020-06-01,2020-06-30,,,,,UYYHZV
EM-00332,2020-06-01,2020-06-30,,,,,JC8XB9
EM-00333,2020-06-01,2020-06-30,,,,,SK4YTE
EM-00334,2020-06-01,2020-06-30,,,,,67XUJ3
EM-00335,2020-06-01,2020-06-30,,,,,RQS3B9
EM-00336,2020-06-01,2020-06-30,,,,,VFA4JF
EM-00337,2020-06-01,2020-06-30,,,,,6LXONS
EM-00338,2020-06-01,2020-06-30,,,,,9476SV
EM-00339,2020-06-01,2020-06-30,,,,,EU6KBD
EM-00340,2020-06-01,2020-06-30,,,,,KA8IC7
EM-00341,2020-06-01,2020-06-30,,,,,WFCIEK
EM-00342,2020-06-01,2020-06-30,,,,,YQ4SU8
EM-00343,2020-06-01,2020-06-30,,,,,6TGP2V
EM-00344,2020-06-01,2020-06-30,,,,,FNKRIF
EM-00345,2020-06-01,2020-06-30,,,,,NYP7NJ
EM-00346,2020-06-01,2020-06-30,,,,,51HSNK
EM-00347,2020-06-01,2020-06-30,,,,,0USTRS
EM-00348,2020-06-01,2020-06-30,,,,,OPENP7
EM-00349,2020-06-01,2020-06-30,,,,,B4MHN6
EM-00350,2020-06-01,2020-06-30,,,,,VY640C
EM-00351,2020-06-01,2020-06-30,,,,,P2UAIV
EM-00352,2020-06-01,2020-06-30,,,,,GJY6NV
EM-00353,2020-06-01,2020-06-30,,,,,KEARXR
EM-00354,2020-06-01,2020-06-30,,,,,H2VCH4
EM-00355,2020-06-01,2020-06-30,,,,,EZ69JV
EM-00356,2020-06-01,2020-06-30,,,,,67P9XD
EM-00357,2020-06-01,2020-06-30,,,,,H3GO4G
EM-00358,2020-06-01,2020-06-30,,,,,VFU24P
EM-00359,2020-06-01,2020-06-30,,,,,BDAKN0
EM-00360,2020-06-01,2020-06-30,,,,,OELUAB
EM-00361,2020-06-01,2020-06-30,,,,,UMC8L3
EM-00362,2020-06-01,2020-06-30,,,,,CFCEYQ
EM-00363,2020-06-01,2020-06-30,,,,,O5DR17
EM-00364,2020-06-01,2020-06-30,,,,,3UFFMT
EM-00365,2020-06-01,2020-06-30,,,,,HU4382
EM-00366,2020-06-01,2020-06-30,,,,,NVHPI5
EM-00367,2020-06-01,2020-06-30,,,,,JTP0A7
EM-00368,2020-06-01,2020-06-30,,,,,O4K3WH
EM-00369,2020-06-01,2020-06-30,,,,,DGRC2T
EM-00370,2020-06-01,2020-06-30,,,,,RTFQ6A
EM-00371,2020-06-01,2020-06-30,,,,,TWLD19
EM-00372,2020-06-01,2020-06-30,,,,,9EBDOD
EM-00373,2020-06-01,2020-06-30,,,,,GJ53EI
EM-00374,2020-06-01,2020-06-30,,,,,PW3MH3
EM-00375,2020-06-01,2020-06-30,,,,,88GP0S
EM-00376,2020-06-01,2020-06-30,,,,,2ZE2ZW
EM-00377,2020-06-01,2020-06-30,,,,,GG7VNU
EM-00378,2020-06-01,2020-06-30,,,,,U57556
EM-00379,2020-06-01,2020-06-30,,,,,IRF80O
EM-00380,2020-06-01,2020-06-30,,,,,DAAJF9
EM-00381,2020-06-01,2020-06-30,,,,,RVP6SF
EM-00382,2020-06-01,2020-06-30,,,,,X483DP
EM-00383,2020-06-01,2020-06-30,,,,,IK9EB5
EM-00384,2020-06-01,2020-06-30,,,,,UG8ZX3
EM-00385,2020-06-01,2020-06-30,,,,,C5DMZO
EM-00386,2020-06-01,2020-06-30,,,,,IR8S8X
EM-00387,2020-06-01,2020-06-30,,,,,4I5Q21
EM-00388,2020-06-01,2020-06-30,,,,,2MG6M2
EM-00389,2020-06-01,2020-06-30,,,,,3VAUYS
EM-00390,2020-06-01,2020-06-30,,,,,C7GYGG
EM-00391,2020-06-01,2020-06-30,,,,,FQSOS2
EM-00392,2020-06-01,2020-06-30,,,,,XKLB9Q
EM-00393,2020-06-01,2020-06-30,,,,,PH2PXB
EM-00394,2020-06-01,2020-06-30,,,,,9KF0S7
EM-00395,2020-06-01,2020-06-30,,,,,IAWML2
EM-00396,2020-06-01,2020-06-30,,,,,F0L28O
EM-00397,2020-06-01,2020-06-30,,,,,MO4F1E
EM-00398,2020-06-01,2020-06-30,,,,,GI37T7
EM-00399,2020-06-01,2020-06-30,,,,,VHQE9Z
EM-00400,2020-06-01,2020-06-30,,,,,GNFQQP
EM-00401,2020-06-01,2020-06-30,,,,,8R8L6T
EM-00402,2020-06-01,2020-06-30,,,,,X573RX
EM-00403,2020-06-01,2020-06-30,,,,,NK6XSE
EM-00404,2020-06-01,2020-06-30,,,,,UV2UVM
EM-00405,2020-06-01,2020-06-30,,,,,9O71LZ
EM-00406,2020-06-01,2020-06-30,,,,,OM1KYA
EM-00407,2020-06-01,2020-06-30,,,,,ZU9J8X
EM-00408,2020-06-01,2020-06-30,,,,,2DBPH1
EM-00409,2020-06-01,2020-06-30,,,,,DEO4DA
EM-00410,2020-06-01,2020-06-30,,,,,O2Q2TA
EM-00411,2020-06-01,2020-06-30,,,,,46SHJH
EM-00412,2020-06-01,2020-06-30,,,,,XWO00T
EM-00413,2020-06-01,2020-06-30,,,,,CJ4XBE
EM-00414,2020-06-01,2020-06-30,,,,,WHU6RG
EM-00415,2020-06-01,2020-06-30,,,,,GBX6C4
EM-00416,2020-06-01,2020-06-30,,,,,HG5OB6
EM-00417,2020-06-01,2020-06-30,,,,,QCD3KL
EM-00418,2020-06-01,2020-06-30,,,,,NFBMMJ
EM-00419,2020-06-01,2020-06-30,,,,,BCYW49
EM-00420,2020-06-01,2020-06-30,,,,,PZSM39
EM-00421,2020-06-01,2020-06-30,,,,,PJCHPO
EM-00422,2020-06-01,2020-06-30,,,,,848LNP
EM-00423,2020-06-01,2020-06-30,,,,,HFWRHG
EM-00424,2020-06-01,2020-06-30,,,,,HWWRYO
EM-00425,2020-06-01,2020-06-30,,,,,JGYMAF
EM-00426,2020-06-01,2020-06-30,,,,,K61HG0
EM-00427,2020-06-01,2020-06-30,,,,,2BMET3
EM-00428,2020-06-01,2020-06-30,,,,,LUW3Q4
EM-00429,2020-06-01,2020-06-30,,,,,IFVM6B
EM-00430,2020-06-01,2020-06-30,,,,,4D6QLU
EM-00431,2020-06-01,2020-06-30,,,,,VQ2P8T
EM-00432,2020-06-01,2020-06-30,,,,,YM0BXA
EM-00433,2020-06-01,2020-06-30,,,,,SD1ZJC
EM-00434,2020-06-01,2020-06-30,,,,,QDKW1L
EM-00435,2020-06-01,2020-06-30,,,,,QBYZLZ
EM-00436,2020-06-01,2020-06-30,,,,,CAJXE8
EM-00437,2020-06-01,2020-06-30,,,,,T6UVWW
EM-00438,2020-06-01,2020-06-30,,,,,V0PHGN
EM-00439,2020-06-01,2020-06-30,,,,,W7VPAU
EM-00440,2020-06-01,2020-06-30,,,,,S4EWYF
EM-00441,2020-06-01,2020-06-30,,,,,TJUP63
EM-00442,2020-06-01,2020-06-30,,,,,EOD2N0
EM-00443,2020-06-01,2020-06-30,,,,,B6LDCL
EM-00444,2020-06-01,2020-06-30,,,,,8NMT55
EM-00445,2020-06-01,2020-06-30,,,,,AKJEUS
EM-00446,2020-06-01,2020-06-30,,,,,O0QI3C
EM-00447,2020-06-01,2020-06-30,,,,,P44QW0
EM-00448,2020-06-01,2020-06-30,,,,,5X6Q5C
EM-00449,2020-06-01,2020-06-30,,,,,7595YV
EM-00450,2020-06-01,2020-06-30,,,,,EVF533
EM-00451,2020-06-01,2020-06-30,,,,,OPLYEA
EM-00452,2020-06-01,2020-06-30,,,,,QRVZ05
EM-00453,2020-06-01,2020-06-30,,,,,7TNDXW
EM-00454,2020-06-01,2020-06-30,,,,,5YDG5E
EM-00455,2020-06-01,2020-06-30,,,,,B88LFR
EM-00456,2020-06-01,2020-06-30,,,,,PXHALF
EM-00457,2020-06-01,2020-06-30,,,,,DGV1UU
EM-00458,2020-06-01,2020-06-30,,,,,2F52DB
EM-00459,2020-06-01,2020-06-30,,,,,H2ICKA
EM-00460,2020-06-01,2020-06-30,,,,,VM0VPQ
EM-00461,2020-06-01,2020-06-30,,,,,EFKQJC
EM-00462,2020-06-01,2020-06-30,,,,,R50WUN
EM-00463,2020-06-01,2020-06-30,,,,,I42YCJ
EM-00464,2020-06-01,2020-06-30,,,,,812VMN
EM-00465,2020-06-01,2020-06-30,,,,,VHVG1X
EM-00466,2020-06-01,2020-06-30,,,,,UBE5L0
EM-00467,2020-06-01,2020-06-30,,,,,3M6YE0
EM-00468,2020-06-01,2020-06-30,,,,,25YBTF
EM-00469,2020-06-01,2020-06-30,,,,,1FMVHD
EM-00470,2020-06-01,2020-06-30,,,,,IAKTQ8
EM-00471,2020-06-01,2020-06-30,,,,,L61UY6
EM-00472,2020-06-01,2020-06-30,,,,,P6JDJE
EM-00473,2020-06-01,2020-06-30,,,,,QQR60G
EM-00474,2020-06-01,2020-06-30,,,,,R3R0NV
EM-00475,2020-06-01,2020-06-30,,,,,PIIZTJ
EM-00476,2020-06-01,2020-06-30,,,,,85P33X
EM-00477,2020-06-01,2020-06-30,,,,,IWINTP
EM-00478,2020-06-01,2020-06-30,,,,,Q5RLC0
EM-00479,2020-06-01,2020-06-30,,,,,P57MZK
EM-00480,2020-06-01,2020-06-30,,,,,9IIV99
EM-00481,2020-06-01,2020-06-30,,,,,V4DXGX
EM-00482,2020-06-01,2020-06-30,,,,,CE4NB9
EM-00483,2020-06-01,2020-06-30,,,,,6V7DCB
EM-00484,2020-06-01,2020-06-30,,,,,URBWKQ
EM-00485,2020-06-01,2020-06-30,,,,,I4PPZU
EM-00486,2020-06-01,2020-06-30,,,,,5RDPSB
EM-00487,2020-06-01,2020-06-30,,,,,MIJ841
EM-00488,2020-06-01,2020-06-30,,,,,565WYB
EM-00489,2020-06-01,2020-06-30,,,,,FBY3XU
EM-00490,2020-06-01,2020-06-30,,,,,RRGNV4
EM-00491,2020-06-01,2020-06-30,,,,,AQV5KP
EM-00492,2020-06-01,2020-06-30,,,,,8SOEXA
EM-00493,2020-06-01,2020-06-30,,,,,JVFVJU
EM-00494,2020-06-01,2020-06-30,,,,,VGMZ7B
EM-00495,2020-06-01,2020-06-30,,,,,4DC9CG
EM-00496,2020-06-01,2020-06-30,,,,,JDIA8R
EM-00497,2020-06-01,2020-06-30,,,,,0KVFMH
EM-00498,2020-06-01,2020-06-30,,,,,Y8MJF9
EM-00499,2020-06-01,2020-06-30,,,,,VGZ0GO
EM-00500,2020-06-01,2020-06-30,,,,,9T91YL
EM-00501,2020-06-01,2020-06-30,,,,,1PQMI7
EM-00502,2020-06-01,2020-06-30,,,,,DT4ZVS
EM-00503,2020-06-01,2020-06-30,,,,,15IWAJ
EM-00504,2020-06-01,2020-06-30,,,,,CHDJ7T
EM-00505,2020-06-01,2020-06-30,,,,,9VIEWA
EM-00506,2020-06-01,2020-06-30,,,,,BA258X
EM-00507,2020-06-01,2020-06-30,,,,,M07YFU
EM-00508,2020-06-01,2020-06-30,,,,,O8FGVS
EM-00509,2020-06-01,2020-06-30,,,,,ZSY6CI
EM-00510,2020-06-01,2020-06-30,,,,,FGMSW1
EM-00511,2020-06-01,2020-06-30,,,,,R3ICN9
EM-00512,2020-06-01,2020-06-30,,,,,I0G8LD
EM-00513,2020-06-01,2020-06-30,,,,,NFYBYE
EM-00514,2020-06-01,2020-06-30,,,,,XV67BK
EM-00515,2020-06-01,2020-06-30,,,,,5BSM2E
EM-00516,2020-06-01,2020-06-30,,,,,BHU7KW
EM-00517,2020-06-01,2020-06-30,,,,,YVJ4TP
EM-00518,2020-06-01,2020-06-30,,,,,5ZQO1L
EM-00519,2020-06-01,2020-06-30,,,,,THC72K
EM-00520,2020-06-01,2020-06-30,,,,,4YAZIH
EM-00521,2020-06-01,2020-06-30,,,,,3X3BP5
EM-00522,2020-06-01,2020-06-30,,,,,RIXJTH
EM-00523,2020-06-01,2020-06-30,,,,,B9B93N
EM-00524,2020-06-01,2020-06-30,,,,,HBJGTB
EM-00525,2020-06-01,2020-06-30,,,,,ZXC3JW
EM-00526,2020-06-01,2020-06-30,,,,,UO505K
EM-00527,2020-06-01,2020-06-30,,,,,2QOWHQ
EM-00528,2020-06-01,2020-06-30,,,,,QC25EL
EM-00529,2020-06-01,2020-06-30,,,,,HGPUAU
EM-00530,2020-06-01,2020-06-30,,,,,GZO59J
EM-00531,2020-06-01,2020-06-30,,,,,R02B3S
EM-00532,2020-06-01,2020-06-30,,,,,CI6DGB
EM-00533,2020-06-01,2020-06-30,,,,,YCG3CP
EM-00534,2020-06-01,2020-06-30,,,,,KXXGD5
EM-00535,2020-06-01,2020-06-30,,,,,HXPROI
EM-00536,2020-06-01,2020-06-30,,,,,ECNBML
EM-00537,2020-06-01,2020-06-30,,,,,ZVZHL2
EM-00538,2020-06-01,2020-06-30,,,,,A19BZJ
EM-00539,2020-06-01,2020-06-30,,,,,ODBIIE
EM-00540,2020-06-01,2020-06-30,,,,,LZYODJ
EM-00541,2020-06-01,2020-06-30,,,,,UYF8X9
EM-00542,2020-06-01,2020-06-30,,,,,Q27TG3
EM-00543,2020-06-01,2020-06-30,,,,,ASSHIN
EM-00544,2020-06-01,2020-06-30,,,,,U7YDTO
EM-00545,2020-06-01,2020-06-30,,,,,ND30FN
EM-00546,2020-06-01,2020-06-30,,,,,N1I1H6
EM-00547,2020-06-01,2020-06-30,,,,,QQG961
EM-00548,2020-06-01,2020-06-30,,,,,T4WMFE
EM-00549,2020-06-01,2020-06-30,,,,,4TT558
EM-00550,2020-06-01,2020-06-30,,,,,UOQFKI
EM-00551,2020-06-01,2020-06-30,,,,,33GL3J
EM-00552,2020-06-01,2020-06-30,,,,,HOWPSP
EM-00553,2020-06-01,2020-06-30,,,,,Y09XBR
EM-00554,2020-06-01,2020-06-30,,,,,5EMACS
EM-00555,2020-06-01,2020-06-30,,,,,QFL9RR
EM-00556,2020-06-01,2020-06-30,,,,,AFWVAN
EM-00557,2020-06-01,2020-06-30,,,,,WKSAD6
EM-00558,2020-06-01,2020-06-30,,,,,AEDNAS
EM-00559,2020-06-01,2020-06-30,,,,,REHWJA
EM-00560,2020-06-01,2020-06-30,,,,,GIO4LI
EM-00561,2020-06-01,2020-06-30,,,,,K6P44S
EM-00562,2020-06-01,2020-06-30,,,,,8FX9UQ
EM-00563,2020-06-01,2020-06-30,,,,,Y8IVLR
EM-00564,2020-06-01,2020-06-30,,,,,A8BLZA
EM-00565,2020-06-01,2020-06-30,,,,,PM2OTM
EM-00566,2020-06-01,2020-06-30,,,,,UNLX8E
EM-00567,2020-06-01,2020-06-30,,,,,484AK1
EM-00568,2020-06-01,2020-06-30,,,,,YV5NBG
EM-00569,2020-06-01,2020-06-30,,,,,WOCV0R
EM-00570,2020-06-01,2020-06-30,,,,,84FI6Y
EM-00571,2020-06-01,2020-06-30,,,,,M0SZ85
EM-00572,2020-06-01,2020-06-30,,,,,8UQEQ3
EM-00573,2020-06-01,2020-06-30,,,,,3L1WQ4
EM-00574,2020-06-01,2020-06-30,,,,,0YUX7W
EM-00575,2020-06-01,2020-06-30,,,,,JBUNRJ
EM-00576,2020-06-01,2020-06-30,,,,,1QN8A2
EM-00577,2020-06-01,2020-06-30,,,,,VFC61Q
EM-00578,2020-06-01,2020-06-30,,,,,IIGSM1
EM-00579,2020-06-01,2020-06-30,,,,,7801MG
EM-00580,2020-06-01,2020-06-30,,,,,RRRT3I
EM-00581,2020-06-01,2020-06-30,,,,,APCAX5
EM-00582,2020-06-01,2020-06-30,,,,,4R5SC0
EM-00583,2020-06-01,2020-06-30,,,,,DQRZE1
EM-00584,2020-06-01,2020-06-30,,,,,RKVNYC
EM-00585,2020-06-01,2020-06-30,,,,,WRY1V8
EM-00586,2020-06-01,2020-06-30,,,,,DC2GQ2
EM-00587,2020-06-01,2020-06-30,,,,,4YZ0QA
EM-00588,2020-06-01,2020-06-30,,,,,3YFZ1I
EM-00589,2020-06-01,2020-06-30,,,,,IKGXXC
EM-00590,2020-06-01,2020-06-30,,,,,2Y2C3Z
EM-00591,2020-06-01,2020-06-30,,,,,H7MFH3
EM-00592,2020-06-01,2020-06-30,,,,,X29YEZ
EM-00593,2020-06-01,2020-06-30,,,,,9AL4FX
EM-00594,2020-06-01,2020-06-30,,,,,GUGW2U
EM-00595,2020-06-01,2020-06-30,,,,,CT3M8B
EM-00596,2020-06-01,2020-06-30,,,,,QIT0YC
EM-00597,2020-06-01,2020-06-30,,,,,UXH83O
EM-00598,2020-06-01,2020-06-30,,,,,QDDN39
EM-00599,2020-06-01,2020-06-30,,,,,VZWIPW
EM-00600,2020-06-01,2020-06-30,,,,,DCNFJI
EM-00601,2020-06-01,2020-06-30,,,,,7RKSH1
EM-00602,2020-06-01,2020-06-30,,,,,A9DRK4
EM-00603,2020-06-01,2020-06-30,,,,,YE8Z0F
EM-00604,2020-06-01,2020-06-30,,,,,JTDN3Y
EM-00605,2020-06-01,2020-06-30,,,,,PSFCQB
EM-00606,2020-06-01,2020-06-30,,,,,E3HUDT
EM-00607,2020-06-01,2020-06-30,,,,,DOWLHN
EM-00608,2020-06-01,2020-06-30,,,,,OIXVHC
EM-00609,2020-06-01,2020-06-30,,,,,UW828Q
EM-00610,2020-06-01,2020-06-30,,,,,78KGI6
EM-00611,2020-06-01,2020-06-30,,,,,ZPEL2E
EM-00612,2020-06-01,2020-06-30,,,,,1PPWW9
EM-00613,2020-06-01,2020-06-30,,,,,668ZJS
EM-00614,2020-06-01,2020-06-30,,,,,68VRJG
EM-00615,2020-06-01,2020-06-30,,,,,KM7BYR
EM-00616,2020-06-01,2020-06-30,,,,,AKAIDI
EM-00617,2020-06-01,2020-06-30,,,,,7L3PJ8
EM-00618,2020-06-01,2020-06-30,,,,,CNIXL4
EM-00619,2020-06-01,2020-06-30,,,,,C5KNTA
EM-00620,2020-06-01,2020-06-30,,,,,VT45SZ
EM-00621,2020-06-01,2020-06-30,,,,,V0AV1X
EM-00622,2020-06-01,2020-06-30,,,,,LLLADA
EM-00623,2020-06-01,2020-06-30,,,,,MH65F3
EM-00624,2020-06-01,2020-06-30,,,,,U5F2P3
EM-00625,2020-06-01,2020-06-30,,,,,J0SXKA
EM-00626,2020-06-01,2020-06-30,,,,,FAR36W
EM-00627,2020-06-01,2020-06-30,,,,,X3G2ZU
EM-00628,2020-06-01,2020-06-30,,,,,BOPZSB
EM-00629,2020-06-01,2020-06-30,,,,,GIN5DI
EM-00630,2020-06-01,2020-06-30,,,,,HVFUGJ
EM-00631,2020-06-01,2020-06-30,,,,,JEGV23
EM-00632,2020-06-01,2020-06-30,,,,,XXTPP8
EM-00633,2020-06-01,2020-06-30,,,,,30ILXE
EM-00634,2020-06-01,2020-06-30,,,,,PT41YK
EM-00635,2020-06-01,2020-06-30,,,,,Q59KBK
EM-00636,2020-06-01,2020-06-30,,,,,9NA7I7
EM-00637,2020-06-01,2020-06-30,,,,,YZQJ0U
EM-00638,2020-06-01,2020-06-30,,,,,5CVLJE
EM-00639,2020-06-01,2020-06-30,,,,,6KINIB
EM-00640,2020-06-01,2020-06-30,,,,,GRYHY9
EM-00641,2020-06-01,2020-06-30,,,,,ZQ5IFN
EM-00642,2020-06-01,2020-06-30,,,,,AK1PFO
EM-00643,2020-06-01,2020-06-30,,,,,KAKLM7
EM-00644,2020-06-01,2020-06-30,,,,,2NNKFQ
EM-00645,2020-06-01,2020-06-30,,,,,8RSTSS
EM-00646,2020-06-01,2020-06-30,,,,,WO75J9
EM-00647,2020-06-01,2020-06-30,,,,,B63DGR
EM-00648,2020-06-01,2020-06-30,,,,,D0YQVL
EM-00649,2020-06-01,2020-06-30,,,,,QYPP1N
EM-00650,2020-06-01,2020-06-30,,,,,KINZHY
EM-00651,2020-06-01,2020-06-30,,,,,4INOFD
EM-00652,2020-06-01,2020-06-30,,,,,UBMQ81
EM-00653,2020-06-01,2020-06-30,,,,,HOOJ5F
EM-00654,2020-06-01,2020-06-30,,,,,6Q3Z44
EM-00655,2020-06-01,2020-06-30,,,,,UBI2X3
EM-00656,2020-06-01,2020-06-30,,,,,8PCORH
EM-00657,2020-06-01,2020-06-30,,,,,48M3G3
EM-00658,2020-06-01,2020-06-30,,,,,RAQL7V
EM-00659,2020-06-01,2020-06-30,,,,,1A7YUL
EM-00660,2020-06-01,2020-06-30,,,,,O4H13B
EM-00661,2020-06-01,2020-06-30,,,,,JOFM7B
EM-00662,2020-06-01,2020-06-30,,,,,X18L25
EM-00663,2020-06-01,2020-06-30,,,,,6POJCS
EM-00664,2020-06-01,2020-06-30,,,,,09XRKP
EM-00665,2020-06-01,2020-06-30,,,,,RFJE23
EM-00666,2020-06-01,2020-06-30,,,,,DU1VO7
EM-00667,2020-06-01,2020-06-30,,,,,7EF2M5
EM-00668,2020-06-01,2020-06-30,,,,,M6DBIO
EM-00669,2020-06-01,2020-06-30,,,,,DN3O6B
EM-00670,2020-06-01,2020-06-30,,,,,2FM802
EM-00671,2020-06-01,2020-06-30,,,,,U4LI9O
EM-00672,2020-06-01,2020-06-30,,,,,3N9SGJ
EM-00673,2020-06-01,2020-06-30,,,,,TYZN5C
EM-00674,2020-06-01,2020-06-30,,,,,JTH9RA
EM-00675,2020-06-01,2020-06-30,,,,,T9XKUW
EM-00676,2020-06-01,2020-06-30,,,,,PR39EZ
EM-00677,2020-06-01,2020-06-30,,,,,RGI3X2
EM-00678,2020-06-01,2020-06-30,,,,,C0B2XO
EM-00679,2020-06-01,2020-06-30,,,,,7MTANJ
EM-00680,2020-06-01,2020-06-30,,,,,HURBHI
EM-00681,2020-06-01,2020-06-30,,,,,5GAP22
EM-00682,2020-06-01,2020-06-30,,,,,LL4A6R
EM-00683,2020-06-01,2020-06-30,,,,,YA6GYA
EM-00684,2020-06-01,2020-06-30,,,,,9JCXDE
EM-00685,2020-06-01,2020-06-30,,,,,MO2R6K
EM-00686,2020-06-01,2020-06-30,,,,,U3EEC5
EM-00687,2020-06-01,2020-06-30,,,,,BTJOKQ
EM-00688,2020-06-01,2020-06-30,,,,,NRF1SP
EM-00689,2020-06-01,2020-06-30,,,,,CPVYME
EM-00690,2020-06-01,2020-06-30,,,,,L50HYQ
EM-00691,2020-06-01,2020-06-30,,,,,R751YQ
EM-00692,2020-06-01,2020-06-30,,,,,MBCG5I
EM-00693,2020-06-01,2020-06-30,,,,,4MDLBN
EM-00694,2020-06-01,2020-06-30,,,,,OURL69
EM-00695,2020-06-01,2020-06-30,,,,,OK4QXU
EM-00696,2020-06-01,2020-06-30,,,,,3E972G
EM-00697,2020-06-01,2020-06-30,,,,,CT7QAR
EM-00698,2020-06-01,2020-06-30,,,,,7W69RT
EM-00699,2020-06-01,2020-06-30,,,,,BCSXOX
EM-00700,2020-06-01,2020-06-30,,,,,PMHQ6Y
EM-00701,2020-06-01,2020-06-30,,,,,ANEZ5W
EM-00702,2020-06-01,2020-06-30,,,,,TETBZ8
EM-00703,2020-06-01,2020-06-30,,,,,QHU43U
EM-00704,2020-06-01,2020-06-30,,,,,0JLO9Q
EM-00705,2020-06-01,2020-06-30,,,,,3DCGVH
EM-00706,2020-06-01,2020-06-30,,,,,DATJZL
EM-00707,2020-06-01,2020-06-30,,,,,GMLX9N
EM-00708,2020-06-01,2020-06-30,,,,,62RDMZ
EM-00709,2020-06-01,2020-06-30,,,,,Z9PQ68
EM-00710,2020-06-01,2020-06-30,,,,,3MLZQK
EM-00711,2020-06-01,2020-06-30,,,,,QA0UKI
EM-00712,2020-06-01,2020-06-30,,,,,C4NMKB
EM-00713,2020-06-01,2020-06-30,,,,,3MICQ7
EM-00714,2020-06-01,2020-06-30,,,,,WJOHUN
EM-00715,2020-06-01,2020-06-30,,,,,YMOUMX
EM-00716,2020-06-01,2020-06-30,,,,,TBA0GY
EM-00717,2020-06-01,2020-06-30,,,,,NO0F13
EM-00718,2020-06-01,2020-06-30,,,,,K1RMH9
EM-00719,2020-06-01,2020-06-30,,,,,5URVZF
EM-00720,2020-06-01,2020-06-30,,,,,5RTES4
EM-00721,2020-06-01,2020-06-30,,,,,06Q2ZC
EM-00722,2020-06-01,2020-06-30,,,,,V1MOOD
EM-00723,2020-06-01,2020-06-30,,,,,33XENR
EM-00724,2020-06-01,2020-06-30,,,,,DRXA3Z
EM-00725,2020-06-01,2020-06-30,,,,,34RETD
EM-00726,2020-06-01,2020-06-30,,,,,8LPF6A
EM-00727,2020-06-01,2020-06-30,,,,,IIYMB1
EM-00728,2020-06-01,2020-06-30,,,,,AQX7BU
EM-00729,2020-06-01,2020-06-30,,,,,MOHMZY
EM-00730,2020-06-01,2020-06-30,,,,,AK6I4P
EM-00731,2020-06-01,2020-06-30,,,,,67RIAR
EM-00732,2020-06-01,2020-06-30,,,,,FIO137
EM-00733,2020-06-01,2020-06-30,,,,,A03DPK
EM-00734,2020-06-01,2020-06-30,,,,,1YYMBB
EM-00735,2020-06-01,2020-06-30,,,,,31BOLS
EM-00736,2020-06-01,2020-06-30,,,,,3B70QD
EM-00737,2020-06-01,2020-06-30,,,,,0P6VJG
EM-00738,2020-06-01,2020-06-30,,,,,NRAOHB
EM-00739,2020-06-01,2020-06-30,,,,,LK64SR
EM-00740,2020-06-01,2020-06-30,,,,,C276J2
EM-00741,2020-06-01,2020-06-30,,,,,0LDDPW
EM-00742,2020-06-01,2020-06-30,,,,,YLJQXZ
EM-00743,2020-06-01,2020-06-30,,,,,3SVXE2
EM-00744,2020-06-01,2020-06-30,,,,,1WHUOM
EM-00745,2020-06-01,2020-06-30,,,,,UCNK2Z
EM-00746,2020-06-01,2020-06-30,,,,,12GQDC
EM-00747,2020-06-01,2020-06-30,,,,,GV7D7U
EM-00748,2020-06-01,2020-06-30,,,,,P12QMJ
EM-00749,2020-06-01,2020-06-30,,,,,54IU7B
EM-00750,2020-06-01,2020-06-30,,,,,5IQVGS
EM-00751,2020-06-01,2020-06-30,,,,,4BE50G
EM-00752,2020-06-01,2020-06-30,,,,,UD91VX
EM-00753,2020-06-01,2020-06-30,,,,,9B1Q0T
EM-00754,2020-06-01,2020-06-30,,,,,HZE9KA
EM-00755,2020-06-01,2020-06-30,,,,,VNPWBB
EM-00756,2020-06-01,2020-06-30,,,,,8EUPWR
EM-00757,2020-06-01,2020-06-30,,,,,FWPMX4
EM-00758,2020-06-01,2020-06-30,,,,,DNILTJ
EM-00759,2020-06-01,2020-06-30,,,,,MRAL1A
EM-00760,2020-06-01,2020-06-30,,,,,V63ZRX
EM-00761,2020-06-01,2020-06-30,,,,,XQJ6Z8
EM-00762,2020-06-01,2020-06-30,,,,,164QDH
EM-00763,2020-06-01,2020-06-30,,,,,13RSVW
EM-00764,2020-06-01,2020-06-30,,,,,QLOISJ
EM-00765,2020-06-01,2020-06-30,,,,,ED9P5W
EM-00766,2020-06-01,2020-06-30,,,,,AK0K72
EM-00767,2020-06-01,2020-06-30,,,,,G614OR
EM-00768,2020-06-01,2020-06-30,,,,,4QXTZR
EM-00769,2020-06-01,2020-06-30,,,,,QL8KW0
EM-00770,2020-06-01,2020-06-30,,,,,EHDMIP
EM-00771,2020-06-01,2020-06-30,,,,,YXYEML
EM-00772,2020-06-01,2020-06-30,,,,,1WUONN
EM-00773,2020-06-01,2020-06-30,,,,,JWIJCI
EM-00774,2020-06-01,2020-06-30,,,,,77JLVE
EM-00775,2020-06-01,2020-06-30,,,,,FEG8U5
EM-00776,2020-06-01,2020-06-30,,,,,VQDYW3
EM-00777,2020-06-01,2020-06-30,,,,,9CXHOQ
EM-00778,2020-06-01,2020-06-30,,,,,VWYXAX
EM-00779,2020-06-01,2020-06-30,,,,,I4N8FP
EM-00780,2020-06-01,2020-06-30,,,,,B9WCA5
EM-00781,2020-06-01,2020-06-30,,,,,OK1XGU
EM-00782,2020-06-01,2020-06-30,,,,,D896A6
EM-00783,2020-06-01,2020-06-30,,,,,Q6BI3F
EM-00784,2020-06-01,2020-06-30,,,,,8G3MIU
EM-00785,2020-06-01,2020-06-30,,,,,4L12G0
EM-00786,2020-06-01,2020-06-30,,,,,5GX6XG
EM-00787,2020-06-01,2020-06-30,,,,,56GFDN
EM-00788,2020-06-01,2020-06-30,,,,,B1C3WD
EM-00789,2020-06-01,2020-06-30,,,,,TBQ9AZ
EM-00790,2020-06-01,2020-06-30,,,,,AEV716
EM-00791,2020-06-01,2020-06-30,,,,,QE3EE2
EM-00792,2020-06-01,2020-06-30,,,,,CVHPXA
EM-00793,2020-06-01,2020-06-30,,,,,YJHB91
EM-00794,2020-06-01,2020-06-30,,,,,9QB5OH
EM-00795,2020-06-01,2020-06-30,,,,,1SU5JT
EM-00796,2020-06-01,2020-06-30,,,,,HL1GSO
EM-00797,2020-06-01,2020-06-30,,,,,P7KQGG
EM-00798,2020-06-01,2020-06-30,,,,,7F9NIC
EM-00799,2020-06-01,2020-06-30,,,,,F0MYLL
EM-00800,2020-06-01,2020-06-30,,,,,7TTXJH
EM-00801,2020-06-01,2020-06-30,,,,,TXFIYI
EM-00802,2020-06-01,2020-06-30,,,,,4FPFU8
EM-00803,2020-06-01,2020-06-30,,,,,5KZG2L
EM-00804,2020-06-01,2020-06-30,,,,,J5MXN6
EM-00805,2020-06-01,2020-06-30,,,,,VQQN3B
EM-00806,2020-06-01,2020-06-30,,,,,XH2HZU
EM-00807,2020-06-01,2020-06-30,,,,,KXOHVL
EM-00808,2020-06-01,2020-06-30,,,,,H5QQEX
EM-00809,2020-06-01,2020-06-30,,,,,1CI0HL
EM-00810,2020-06-01,2020-06-30,,,,,LAE4LI
EM-00811,2020-06-01,2020-06-30,,,,,27VJSA
EM-00812,2020-06-01,2020-06-30,,,,,SSPROP
EM-00813,2020-06-01,2020-06-30,,,,,Z3FMJA
EM-00814,2020-06-01,2020-06-30,,,,,80KJ6Y
EM-00815,2020-06-01,2020-06-30,,,,,TDUP8M
EM-00816,2020-06-01,2020-06-30,,,,,2QCGGY
EM-00817,2020-06-01,2020-06-30,,,,,36T2SL
EM-00818,2020-06-01,2020-06-30,,,,,HDOR2P
EM-00819,2020-06-01,2020-06-30,,,,,1FDVFP
EM-00820,2020-06-01,2020-06-30,,,,,2H7E1F
EM-00821,2020-06-01,2020-06-30,,,,,TVBGEC
EM-00822,2020-06-01,2020-06-30,,,,,N49WRO
EM-00823,2020-06-01,2020-06-30,,,,,Q2VQHY
EM-00824,2020-06-01,2020-06-30,,,,,4AJYLV
EM-00825,2020-06-01,2020-06-30,,,,,0RAJR2
EM-00826,2020-06-01,2020-06-30,,,,,A5LJ86
EM-00827,2020-06-01,2020-06-30,,,,,70BJDP
EM-00828,2020-06-01,2020-06-30,,,,,QR8LDC
EM-00829,2020-06-01,2020-06-30,,,,,X90LX8
EM-00830,2020-06-01,2020-06-30,,,,,CH4K2T
EM-00831,2020-06-01,2020-06-30,,,,,G9KGE5
EM-00832,2020-06-01,2020-06-30,,,,,0HHVLX
EM-00833,2020-06-01,2020-06-30,,,,,SJ0DBM
EM-00834,2020-06-01,2020-06-30,,,,,AOKZYS
EM-00835,2020-06-01,2020-06-30,,,,,6L9BWY
EM-00836,2020-06-01,2020-06-30,,,,,S0JN6R
EM-00837,2020-06-01,2020-06-30,,,,,W3CDME
EM-00838,2020-06-01,2020-06-30,,,,,HE78EN
EM-00839,2020-06-01,2020-06-30,,,,,VLICQB
EM-00840,2020-06-01,2020-06-30,,,,,6R3KN7
EM-00841,2020-06-01,2020-06-30,,,,,PYUGB6
EM-00842,2020-06-01,2020-06-30,,,,,7XZI5W
EM-00843,2020-06-01,2020-06-30,,,,,69XJ9J
EM-00844,2020-06-01,2020-06-30,,,,,XTPKKI
EM-00845,2020-06-01,2020-06-30,,,,,7EWIU0
EM-00846,2020-06-01,2020-06-30,,,,,B0D9OM
EM-00847,2020-06-01,2020-06-30,,,,,24V5FN
EM-00848,2020-06-01,2020-06-30,,,,,9VMD33
EM-00849,2020-06-01,2020-06-30,,,,,GU49E1
EM-00850,2020-06-01,2020-06-30,,,,,2S5S3I
EM-00851,2020-06-01,2020-06-30,,,,,Y62HER
EM-00852,2020-06-01,2020-06-30,,,,,GBIDK2
EM-00853,2020-06-01,2020-06-30,,,,,8G0OHV
EM-00854,2020-06-01,2020-06-30,,,,,9QPZQ9
EM-00855,2020-06-01,2020-06-30,,,,,WB4FRA
EM-00856,2020-06-01,2020-06-30,,,,,Y5P793
EM-00857,2020-06-01,2020-06-30,,,,,UZ39A7
EM-00858,2020-06-01,2020-06-30,,,,,VIJ5RP
EM-00859,2020-06-01,2020-06-30,,,,,SRT23B
EM-00860,2020-06-01,2020-06-30,,,,,AGFUKX
EM-00861,2020-06-01,2020-06-30,,,,,PUWRKT
EM-00862,2020-06-01,2020-06-30,,,,,GPFU3R
EM-00863,2020-06-01,2020-06-30,,,,,IRZ1OY
EM-00864,2020-06-01,2020-06-30,,,,,GP3U8X
EM-00865,2020-06-01,2020-06-30,,,,,IHVSG9
EM-00866,2020-06-01,2020-06-30,,,,,YFC4WG
EM-00867,2020-06-01,2020-06-30,,,,,7ETF8Y
EM-00868,2020-06-01,2020-06-30,,,,,EAY3R7
EM-00869,2020-06-01,2020-06-30,,,,,EV7LVO
EM-00870,2020-06-01,2020-06-30,,,,,Q7415N
EM-00871,2020-06-01,2020-06-30,,,,,TQYJPF
EM-00872,2020-06-01,2020-06-30,,,,,UYGL5W
EM-00873,2020-06-01,2020-06-30,,,,,KSRR9V
EM-00874,2020-06-01,2020-06-30,,,,,JJMXKS
EM-00875,2020-06-01,2020-06-30,,,,,SWKROG
EM-00876,2020-06-01,2020-06-30,,,,,SS06XN
EM-00877,2020-06-01,2020-06-30,,,,,NNHQ3A
EM-00878,2020-06-01,2020-06-30,,,,,NQNLGR
EM-00879,2020-06-01,2020-06-30,,,,,DGR2EG
EM-00880,2020-06-01,2020-06-30,,,,,AT0GIH
EM-00881,2020-06-01,2020-06-30,,,,,2QR8MH
EM-00882,2020-06-01,2020-06-30,,,,,0VBSIU
EM-00883,2020-06-01,2020-06-30,,,,,KHWD60
EM-00884,2020-06-01,2020-06-30,,,,,QDYT93
EM-00885,2020-06-01,2020-06-30,,,,,67PDEA
EM-00886,2020-06-01,2020-06-30,,,,,XNPRKT
EM-00887,2020-06-01,2020-06-30,,,,,8XLX9D
EM-00888,2020-06-01,2020-06-30,,,,,2KL0QR
EM-00889,2020-06-01,2020-06-30,,,,,EFWQNH
EM-00890,2020-06-01,2020-06-30,,,,,EBCOSO
EM-00891,2020-06-01,2020-06-30,,,,,ERY39N
EM-00892,2020-06-01,2020-06-30,,,,,5J54VF
EM-00893,2020-06-01,2020-06-30,,,,,HQITCN
EM-00894,2020-06-01,2020-06-30,,,,,LKNA1Z
EM-00895,2020-06-01,2020-06-30,,,,,UB0BXE
EM-00896,2020-06-01,2020-06-30,,,,,KR9ZYP
EM-00897,2020-06-01,2020-06-30,,,,,49LFRJ
EM-00898,2020-06-01,2020-06-30,,,,,1W8T2F
EM-00899,2020-06-01,2020-06-30,,,,,NQY37O
EM-00900,2020-06-01,2020-06-30,,,,,NLAIDR
EM-00901,2020-06-01,2020-06-30,,,,,H1LQAG
EM-00902,2020-06-01,2020-06-30,,,,,QR2SHH
EM-00903,2020-06-01,2020-06-30,,,,,RC9W30
EM-00904,2020-06-01,2020-06-30,,,,,CMBLXZ
EM-00905,2020-06-01,2020-06-30,,,,,HTPAP8
EM-00906,2020-06-01,2020-06-30,,,,,CC2KMA
EM-00907,2020-06-01,2020-06-30,,,,,DLJE07
EM-00908,2020-06-01,2020-06-30,,,,,UNA4DS
EM-00909,2020-06-01,2020-06-30,,,,,0BMKVF
EM-00910,2020-06-01,2020-06-30,,,,,ZJS8CG
EM-00911,2020-06-01,2020-06-30,,,,,U2KQ85
EM-00912,2020-06-01,2020-06-30,,,,,ZPBH5W
EM-00913,2020-06-01,2020-06-30,,,,,JGOASV
EM-00914,2020-06-01,2020-06-30,,,,,QPRYRM
EM-00915,2020-06-01,2020-06-30,,,,,J4YDN1
EM-00916,2020-06-01,2020-06-30,,,,,IN9EFY
EM-00917,2020-06-01,2020-06-30,,,,,BS1IXU
EM-00918,2020-06-01,2020-06-30,,,,,4GGWAY
EM-00919,2020-06-01,2020-06-30,,,,,AZQKS7
EM-00920,2020-06-01,2020-06-30,,,,,WU99MD
EM-00921,2020-06-01,2020-06-30,,,,,WF6OM0
EM-00922,2020-06-01,2020-06-30,,,,,7900HV
EM-00923,2020-06-01,2020-06-30,,,,,IFPJ5C
EM-00924,2020-06-01,2020-06-30,,,,,NG1N5K
EM-00925,2020-06-01,2020-06-30,,,,,P0KSLX
EM-00926,2020-06-01,2020-06-30,,,,,NQE4ZD
EM-00927,2020-06-01,2020-06-30,,,,,3OZH4L
EM-00928,2020-06-01,2020-06-30,,,,,QG1BKG
EM-00929,2020-06-01,2020-06-30,,,,,F90OA4
EM-00930,2020-06-01,2020-06-30,,,,,O30FES
EM-00931,2020-06-01,2020-06-30,,,,,1YSA6T
EM-00932,2020-06-01,2020-06-30,,,,,N4B15R
EM-00933,2020-06-01,2020-06-30,,,,,8SDHAM
EM-00934,2020-06-01,2020-06-30,,,,,ZQD9XL
EM-00935,2020-06-01,2020-06-30,,,,,GONXYE
EM-00936,2020-06-01,2020-06-30,,,,,R6GENK
EM-00937,2020-06-01,2020-06-30,,,,,U8XHD5
EM-00938,2020-06-01,2020-06-30,,,,,FESA9S
EM-00939,2020-06-01,2020-06-30,,,,,9EPTJ4
EM-00940,2020-06-01,2020-06-30,,,,,J2M1R4
EM-00941,2020-06-01,2020-06-30,,,,,QJ1SWG
EM-00942,2020-06-01,2020-06-30,,,,,8MAX4M
EM-00943,2020-06-01,2020-06-30,,,,,TZ5PRL
EM-00944,2020-06-01,2020-06-30,,,,,YF9QNB
EM-00945,2020-06-01,2020-06-30,,,,,RLPAK9
EM-00946,2020-06-01,2020-06-30,,,,,EESB5E
EM-00947,2020-06-01,2020-06-30,,,,,BMTX45
EM-00948,2020-06-01,2020-06-30,,,,,ABJMFN
EM-00949,2020-06-01,2020-06-30,,,,,L523J6
EM-00950,2020-06-01,2020-06-30,,,,,TMQZDB
EM-00951,2020-06-01,2020-06-30,,,,,KOY0UL
EM-00952,2020-06-01,2020-06-30,,,,,XARGZO
EM-00953,2020-06-01,2020-06-30,,,,,VSORZQ
EM-00954,2020-06-01,2020-06-30,,,,,0O9DNZ
EM-00955,2020-06-01,2020-06-30,,,,,8ULX1S
EM-00956,2020-06-01,2020-06-30,,,,,WEPIOE
EM-00957,2020-06-01,2020-06-30,,,,,7WDPVB
EM-00958,2020-06-01,2020-06-30,,,,,XFEXLO
EM-00959,2020-06-01,2020-06-30,,,,,Y13NQX
EM-00960,2020-06-01,2020-06-30,,,,,CTADV5
EM-00961,2020-06-01,2020-06-30,,,,,I6DK1V
EM-00962,2020-06-01,2020-06-30,,,,,J5KRXL
EM-00963,2020-06-01,2020-06-30,,,,,UHFSF8
EM-00964,2020-06-01,2020-06-30,,,,,2RTREF
EM-00965,2020-06-01,2020-06-30,,,,,YEQ3AX
EM-00966,2020-06-01,2020-06-30,,,,,PXN2FH
EM-00967,2020-06-01,2020-06-30,,,,,3YJHIH
EM-00968,2020-06-01,2020-06-30,,,,,1B4FL9
EM-00969,2020-06-01,2020-06-30,,,,,BY9XKQ
EM-00970,2020-06-01,2020-06-30,,,,,VN7UW3
EM-00971,2020-06-01,2020-06-30,,,,,E55P9Q
EM-00972,2020-06-01,2020-06-30,,,,,SZA282
EM-00973,2020-06-01,2020-06-30,,,,,PIZWK6
EM-00974,2020-06-01,2020-06-30,,,,,AAEK9M
EM-00975,2020-06-01,2020-06-30,,,,,G88Z87
EM-00976,2020-06-01,2020-06-30,,,,,CYZNXE
EM-00977,2020-06-01,2020-06-30,,,,,VGDV6D
EM-00978,2020-06-01,2020-06-30,,,,,HZMZ8M
EM-00979,2020-06-01,2020-06-30,,,,,Z1XL7E
EM-00980,2020-06-01,2020-06-30,,,,,UG9G67
EM-00981,2020-06-01,2020-06-30,,,,,VTJXEP
EM-00982,2020-06-01,2020-06-30,,,,,2L09RB
EM-00983,2020-06-01,2020-06-30,,,,,CJSBHF
EM-00984,2020-06-01,2020-06-30,,,,,6HCO4Y
EM-00985,2020-06-01,2020-06-30,,,,,WZ65A7
EM-00986,2020-06-01,2020-06-30,,,,,61EJ4L
EM-00987,2020-06-01,2020-06-30,,,,,UNVBKC
EM-00988,2020-06-01,2020-06-30,,,,,OQFVFB
EM-00989,2020-06-01,2020-06-30,,,,,HPY4FZ
EM-00990,2020-06-01,2020-06-30,,,,,G5NEKT
EM-00991,2020-06-01,2020-06-30,,,,,NARWR0
EM-00992,2020-06-01,2020-06-30,,,,,YL6MOW
EM-00993,2020-06-01,2020-06-30,,,,,WWH4O1
EM-00994,2020-06-01,2020-06-30,,,,,KXAZ11
EM-00995,2020-06-01,2020-06-30,,,,,W5R7FP
EM-00996,2020-06-01,2020-06-30,,,,,92XBU5
EM-00997,2020-06-01,2020-06-30,,,,,UW5SH8
EM-00998,2020-06-01,2020-06-30,,,,,FQB8SO
EM-00999,2020-06-01,2020-06-30,,,,,WTGHJI